Nodos,Mejor Distancia,Peor Distancia,Distancia Media,Frec. mejor distancia,Mejor distancia (mejorada),Peor distancia (mejorada),Distancia Media (mejorada),Frec. mejor distancia (mejorada),Tiempo medio,Tiempo medio (mejorado)
5,1275,1275,1275.0,1000,439,1275,1259.84,8,32.03272819519043,31.023740768432617
6,2014,2014,2014.0,1000,518,2014,1939.191,1,63.07506561279297,78.05299758911133
7,1505,1505,1505.0,1000,1220,1505,1488.527,53,111.10401153564453,104.51650619506836
8,2519,2970,2575.287,819,1618,2915,2403.756,22,162.14323043823242,219.20299530029297
9,1874,2851,1943.718,486,1339,2329,1819.388,3,231.2026023864746,316.2980079650879
