Nodos,Mejor Distancia,Peor Distancia,Distancia Media,Frec. mejor distancia,Mejor distancia (mejorada),Peor distancia (mejorada),Distancia Media (mejorada),Frec. mejor distancia (mejorada),Tiempo medio,Tiempo medio (mejorado)
5,1802,1802,1802.0,1000,1802,1802,1802.0,1000,66.63846969604492,926.1548519134521
10,1703,2872,2020.093,126,1703,2823,2017.917,147,562.8218650817871,1204.8423290252686
15,1801,3563,2530.262,1,1801,3854,2527.769,1,2396.9619274139404,2995.042324066162
20,3090,5216,3976.956,1,2987,5121,3960.976,1,7339.171648025513,7657.244443893433
25,3077,5512,4155.159,1,2795,5581,4170.192,1,17041.910648345947,17461.130619049072
30,3042,6413,4573.895,1,3003,6340,4572.334,1,34303.9128780365,34038.65075111389
35,3291,6526,4733.717,1,3267,6314,4739.665,1,63023.82826805115,63373.25954437256
40,3355,6392,4883.013,1,3467,6717,4884.157,1,109621.346950531,108645.32518386841
45,4194,7323,5858.991,1,4353,7432,5830.671,1,170265.91610908508,172360.67056655884
