Nodos,Mejor Distancia,Peor Distancia,Distancia Media,Frec. mejor distancia,Mejor distancia (mejorada),Peor distancia (mejorada),Distancia Media (mejorada),Frec. mejor distancia (mejorada),Tiempo medio,Tiempo medio (mejorado)
5,1802,1802,1802.0,1000,1802,1802,1802.0,1000,64.81623649597168,992.4349784851074
10,1703,2826,2014.006,125,1703,2954,2015.624,133,647.5925445556641,1378.6311149597168
15,1801,3415,2541.81,3,1801,3418,2528.91,1,2675.576686859131,3553.2214641571045
