Nodos,Mejor Distancia,Peor Distancia,Distancia Media,Frec. mejor frecuencia,Tiempo Medio
5,1802,1802,1802.0,1000,21817.105293273926
10,1703,2954,2042.578,107,51421.452045440674
15,1865,3597,2580.323,1,105047.29080200195
20,2992,5215,4027.25,1,209961.58695220947
25,2960,5441,4215.266,1,330709.5365524292
30,3302,6332,4653.163,1,486955.73019981384
